file_path,label
/Users/y/Documents/dev/DD-pose-classification/augmented_dataset/9/9_8_aug_0.png,9
/Users/y/Documents/dev/DD-pose-classification/augmented_dataset/9/9_8_aug_1.png,9
/Users/y/Documents/dev/DD-pose-classification/augmented_dataset/9/9_9_aug_0.png,9
/Users/y/Documents/dev/DD-pose-classification/augmented_dataset/9/9_9_aug_1.png,9
/Users/y/Documents/dev/DD-pose-classification/augmented_dataset/9/9_14_aug_0.png,9
/Users/y/Documents/dev/DD-pose-classification/augmented_dataset/9/9_14_aug_1.png,9
/Users/y/Documents/dev/DD-pose-classification/augmented_dataset/9/9_15_aug_0.png,9
/Users/y/Documents/dev/DD-pose-classification/augmented_dataset/9/9_15_aug_1.png,9
/Users/y/Documents/dev/DD-pose-classification/augmented_dataset/9/9_17_aug_0.png,9
/Users/y/Documents/dev/DD-pose-classification/augmented_dataset/9/9_17_aug_1.png,9
/Users/y/Documents/dev/DD-pose-classification/augmented_dataset/9/9_16_aug_0.png,9
/Users/y/Documents/dev/DD-pose-classification/augmented_dataset/9/9_16_aug_1.png,9
/Users/y/Documents/dev/DD-pose-classification/augmented_dataset/9/9_12_aug_0.png,9
/Users/y/Documents/dev/DD-pose-classification/augmented_dataset/9/9_12_aug_1.png,9
/Users/y/Documents/dev/DD-pose-classification/augmented_dataset/9/9_13_aug_0.png,9
/Users/y/Documents/dev/DD-pose-classification/augmented_dataset/9/9_13_aug_1.png,9
/Users/y/Documents/dev/DD-pose-classification/augmented_dataset/9/9_11_aug_0.png,9
/Users/y/Documents/dev/DD-pose-classification/augmented_dataset/9/9_11_aug_1.png,9
/Users/y/Documents/dev/DD-pose-classification/augmented_dataset/9/9_10_aug_0.png,9
/Users/y/Documents/dev/DD-pose-classification/augmented_dataset/9/9_10_aug_1.png,9
/Users/y/Documents/dev/DD-pose-classification/augmented_dataset/9/9_18_aug_0.png,9
/Users/y/Documents/dev/DD-pose-classification/augmented_dataset/9/9_18_aug_1.png,9
/Users/y/Documents/dev/DD-pose-classification/augmented_dataset/9/9_4_aug_0.png,9
/Users/y/Documents/dev/DD-pose-classification/augmented_dataset/9/9_4_aug_1.png,9
/Users/y/Documents/dev/DD-pose-classification/augmented_dataset/9/9_5_aug_0.png,9
/Users/y/Documents/dev/DD-pose-classification/augmented_dataset/9/9_5_aug_1.png,9
/Users/y/Documents/dev/DD-pose-classification/augmented_dataset/9/9_7_aug_0.png,9
/Users/y/Documents/dev/DD-pose-classification/augmented_dataset/9/9_7_aug_1.png,9
/Users/y/Documents/dev/DD-pose-classification/augmented_dataset/9/9_6_aug_0.png,9
/Users/y/Documents/dev/DD-pose-classification/augmented_dataset/9/9_6_aug_1.png,9
/Users/y/Documents/dev/DD-pose-classification/augmented_dataset/9/9_2_aug_0.png,9
/Users/y/Documents/dev/DD-pose-classification/augmented_dataset/9/9_2_aug_1.png,9
/Users/y/Documents/dev/DD-pose-classification/augmented_dataset/9/9_3_aug_0.png,9
/Users/y/Documents/dev/DD-pose-classification/augmented_dataset/9/9_3_aug_1.png,9
/Users/y/Documents/dev/DD-pose-classification/augmented_dataset/9/9_1_aug_0.png,9
/Users/y/Documents/dev/DD-pose-classification/augmented_dataset/9/9_1_aug_1.png,9
/Users/y/Documents/dev/DD-pose-classification/augmented_dataset/0/0_8_aug_0.png,0
/Users/y/Documents/dev/DD-pose-classification/augmented_dataset/0/0_8_aug_1.png,0
/Users/y/Documents/dev/DD-pose-classification/augmented_dataset/0/0_9_aug_0.png,0
/Users/y/Documents/dev/DD-pose-classification/augmented_dataset/0/0_9_aug_1.png,0
/Users/y/Documents/dev/DD-pose-classification/augmented_dataset/0/0_14_aug_0.png,0
/Users/y/Documents/dev/DD-pose-classification/augmented_dataset/0/0_14_aug_1.png,0
/Users/y/Documents/dev/DD-pose-classification/augmented_dataset/0/0_15_aug_0.png,0
/Users/y/Documents/dev/DD-pose-classification/augmented_dataset/0/0_15_aug_1.png,0
/Users/y/Documents/dev/DD-pose-classification/augmented_dataset/0/0_17_aug_0.png,0
/Users/y/Documents/dev/DD-pose-classification/augmented_dataset/0/0_17_aug_1.png,0
/Users/y/Documents/dev/DD-pose-classification/augmented_dataset/0/0_16_aug_0.png,0
/Users/y/Documents/dev/DD-pose-classification/augmented_dataset/0/0_16_aug_1.png,0
/Users/y/Documents/dev/DD-pose-classification/augmented_dataset/0/0_12_aug_0.png,0
/Users/y/Documents/dev/DD-pose-classification/augmented_dataset/0/0_12_aug_1.png,0
/Users/y/Documents/dev/DD-pose-classification/augmented_dataset/0/0_13_aug_0.png,0
/Users/y/Documents/dev/DD-pose-classification/augmented_dataset/0/0_13_aug_1.png,0
/Users/y/Documents/dev/DD-pose-classification/augmented_dataset/0/0_11_aug_0.png,0
/Users/y/Documents/dev/DD-pose-classification/augmented_dataset/0/0_11_aug_1.png,0
/Users/y/Documents/dev/DD-pose-classification/augmented_dataset/0/0_10_aug_0.png,0
/Users/y/Documents/dev/DD-pose-classification/augmented_dataset/0/0_10_aug_1.png,0
/Users/y/Documents/dev/DD-pose-classification/augmented_dataset/0/0_21_aug_0.png,0
/Users/y/Documents/dev/DD-pose-classification/augmented_dataset/0/0_21_aug_1.png,0
/Users/y/Documents/dev/DD-pose-classification/augmented_dataset/0/0_20_aug_0.png,0
/Users/y/Documents/dev/DD-pose-classification/augmented_dataset/0/0_20_aug_1.png,0
/Users/y/Documents/dev/DD-pose-classification/augmented_dataset/0/0_22_aug_0.png,0
/Users/y/Documents/dev/DD-pose-classification/augmented_dataset/0/0_22_aug_1.png,0
/Users/y/Documents/dev/DD-pose-classification/augmented_dataset/0/0_23_aug_0.png,0
/Users/y/Documents/dev/DD-pose-classification/augmented_dataset/0/0_23_aug_1.png,0
/Users/y/Documents/dev/DD-pose-classification/augmented_dataset/0/0_18_aug_0.png,0
/Users/y/Documents/dev/DD-pose-classification/augmented_dataset/0/0_18_aug_1.png,0
/Users/y/Documents/dev/DD-pose-classification/augmented_dataset/0/0_19_aug_0.png,0
/Users/y/Documents/dev/DD-pose-classification/augmented_dataset/0/0_19_aug_1.png,0
/Users/y/Documents/dev/DD-pose-classification/augmented_dataset/0/0_4_aug_0.png,0
/Users/y/Documents/dev/DD-pose-classification/augmented_dataset/0/0_4_aug_1.png,0
/Users/y/Documents/dev/DD-pose-classification/augmented_dataset/0/0_5_aug_0.png,0
/Users/y/Documents/dev/DD-pose-classification/augmented_dataset/0/0_5_aug_1.png,0
/Users/y/Documents/dev/DD-pose-classification/augmented_dataset/0/0_7_aug_0.png,0
/Users/y/Documents/dev/DD-pose-classification/augmented_dataset/0/0_7_aug_1.png,0
/Users/y/Documents/dev/DD-pose-classification/augmented_dataset/0/0_6_aug_0.png,0
/Users/y/Documents/dev/DD-pose-classification/augmented_dataset/0/0_6_aug_1.png,0
/Users/y/Documents/dev/DD-pose-classification/augmented_dataset/0/0_2_aug_0.png,0
/Users/y/Documents/dev/DD-pose-classification/augmented_dataset/0/0_2_aug_1.png,0
/Users/y/Documents/dev/DD-pose-classification/augmented_dataset/0/0_3_aug_0.png,0
/Users/y/Documents/dev/DD-pose-classification/augmented_dataset/0/0_3_aug_1.png,0
/Users/y/Documents/dev/DD-pose-classification/augmented_dataset/0/0_1_aug_0.png,0
/Users/y/Documents/dev/DD-pose-classification/augmented_dataset/0/0_1_aug_1.png,0
/Users/y/Documents/dev/DD-pose-classification/augmented_dataset/7/7_8_aug_0.png,7
/Users/y/Documents/dev/DD-pose-classification/augmented_dataset/7/7_8_aug_1.png,7
/Users/y/Documents/dev/DD-pose-classification/augmented_dataset/7/7_9_aug_0.png,7
/Users/y/Documents/dev/DD-pose-classification/augmented_dataset/7/7_9_aug_1.png,7
/Users/y/Documents/dev/DD-pose-classification/augmented_dataset/7/7_14_aug_0.png,7
/Users/y/Documents/dev/DD-pose-classification/augmented_dataset/7/7_14_aug_1.png,7
/Users/y/Documents/dev/DD-pose-classification/augmented_dataset/7/7_15_aug_0.png,7
/Users/y/Documents/dev/DD-pose-classification/augmented_dataset/7/7_15_aug_1.png,7
/Users/y/Documents/dev/DD-pose-classification/augmented_dataset/7/7_17_aug_0.png,7
/Users/y/Documents/dev/DD-pose-classification/augmented_dataset/7/7_17_aug_1.png,7
/Users/y/Documents/dev/DD-pose-classification/augmented_dataset/7/7_16_aug_0.png,7
/Users/y/Documents/dev/DD-pose-classification/augmented_dataset/7/7_16_aug_1.png,7
/Users/y/Documents/dev/DD-pose-classification/augmented_dataset/7/7_12_aug_0.png,7
/Users/y/Documents/dev/DD-pose-classification/augmented_dataset/7/7_12_aug_1.png,7
/Users/y/Documents/dev/DD-pose-classification/augmented_dataset/7/7_13_aug_0.png,7
/Users/y/Documents/dev/DD-pose-classification/augmented_dataset/7/7_13_aug_1.png,7
/Users/y/Documents/dev/DD-pose-classification/augmented_dataset/7/7_11_aug_0.png,7
/Users/y/Documents/dev/DD-pose-classification/augmented_dataset/7/7_11_aug_1.png,7
/Users/y/Documents/dev/DD-pose-classification/augmented_dataset/7/7_10_aug_0.png,7
/Users/y/Documents/dev/DD-pose-classification/augmented_dataset/7/7_10_aug_1.png,7
/Users/y/Documents/dev/DD-pose-classification/augmented_dataset/7/7_21_aug_0.png,7
/Users/y/Documents/dev/DD-pose-classification/augmented_dataset/7/7_21_aug_1.png,7
/Users/y/Documents/dev/DD-pose-classification/augmented_dataset/7/7_20_aug_0.png,7
/Users/y/Documents/dev/DD-pose-classification/augmented_dataset/7/7_20_aug_1.png,7
/Users/y/Documents/dev/DD-pose-classification/augmented_dataset/7/7_22_aug_0.png,7
/Users/y/Documents/dev/DD-pose-classification/augmented_dataset/7/7_22_aug_1.png,7
/Users/y/Documents/dev/DD-pose-classification/augmented_dataset/7/7_23_aug_0.png,7
/Users/y/Documents/dev/DD-pose-classification/augmented_dataset/7/7_23_aug_1.png,7
/Users/y/Documents/dev/DD-pose-classification/augmented_dataset/7/7_18_aug_0.png,7
/Users/y/Documents/dev/DD-pose-classification/augmented_dataset/7/7_18_aug_1.png,7
/Users/y/Documents/dev/DD-pose-classification/augmented_dataset/7/7_24_aug_0.png,7
/Users/y/Documents/dev/DD-pose-classification/augmented_dataset/7/7_24_aug_1.png,7
/Users/y/Documents/dev/DD-pose-classification/augmented_dataset/7/7_19_aug_0.png,7
/Users/y/Documents/dev/DD-pose-classification/augmented_dataset/7/7_19_aug_1.png,7
/Users/y/Documents/dev/DD-pose-classification/augmented_dataset/7/7_4_aug_0.png,7
/Users/y/Documents/dev/DD-pose-classification/augmented_dataset/7/7_4_aug_1.png,7
/Users/y/Documents/dev/DD-pose-classification/augmented_dataset/7/7_5_aug_0.png,7
/Users/y/Documents/dev/DD-pose-classification/augmented_dataset/7/7_5_aug_1.png,7
/Users/y/Documents/dev/DD-pose-classification/augmented_dataset/7/7_7_aug_0.png,7
/Users/y/Documents/dev/DD-pose-classification/augmented_dataset/7/7_7_aug_1.png,7
/Users/y/Documents/dev/DD-pose-classification/augmented_dataset/7/7_6_aug_0.png,7
/Users/y/Documents/dev/DD-pose-classification/augmented_dataset/7/7_6_aug_1.png,7
/Users/y/Documents/dev/DD-pose-classification/augmented_dataset/7/7_2_aug_0.png,7
/Users/y/Documents/dev/DD-pose-classification/augmented_dataset/7/7_2_aug_1.png,7
/Users/y/Documents/dev/DD-pose-classification/augmented_dataset/7/7_3_aug_0.png,7
/Users/y/Documents/dev/DD-pose-classification/augmented_dataset/7/7_3_aug_1.png,7
/Users/y/Documents/dev/DD-pose-classification/augmented_dataset/7/7_1_aug_0.png,7
/Users/y/Documents/dev/DD-pose-classification/augmented_dataset/7/7_1_aug_1.png,7
/Users/y/Documents/dev/DD-pose-classification/augmented_dataset/6/6_8_aug_0.png,6
/Users/y/Documents/dev/DD-pose-classification/augmented_dataset/6/6_8_aug_1.png,6
/Users/y/Documents/dev/DD-pose-classification/augmented_dataset/6/6_9_aug_0.png,6
/Users/y/Documents/dev/DD-pose-classification/augmented_dataset/6/6_9_aug_1.png,6
/Users/y/Documents/dev/DD-pose-classification/augmented_dataset/6/6_14_aug_0.png,6
/Users/y/Documents/dev/DD-pose-classification/augmented_dataset/6/6_14_aug_1.png,6
/Users/y/Documents/dev/DD-pose-classification/augmented_dataset/6/6_15_aug_0.png,6
/Users/y/Documents/dev/DD-pose-classification/augmented_dataset/6/6_15_aug_1.png,6
/Users/y/Documents/dev/DD-pose-classification/augmented_dataset/6/6_17_aug_0.png,6
/Users/y/Documents/dev/DD-pose-classification/augmented_dataset/6/6_17_aug_1.png,6
/Users/y/Documents/dev/DD-pose-classification/augmented_dataset/6/6_16_aug_0.png,6
/Users/y/Documents/dev/DD-pose-classification/augmented_dataset/6/6_16_aug_1.png,6
/Users/y/Documents/dev/DD-pose-classification/augmented_dataset/6/6_12_aug_0.png,6
/Users/y/Documents/dev/DD-pose-classification/augmented_dataset/6/6_12_aug_1.png,6
/Users/y/Documents/dev/DD-pose-classification/augmented_dataset/6/6_13_aug_0.png,6
/Users/y/Documents/dev/DD-pose-classification/augmented_dataset/6/6_13_aug_1.png,6
/Users/y/Documents/dev/DD-pose-classification/augmented_dataset/6/6_11_aug_0.png,6
/Users/y/Documents/dev/DD-pose-classification/augmented_dataset/6/6_11_aug_1.png,6
/Users/y/Documents/dev/DD-pose-classification/augmented_dataset/6/6_10_aug_0.png,6
/Users/y/Documents/dev/DD-pose-classification/augmented_dataset/6/6_10_aug_1.png,6
/Users/y/Documents/dev/DD-pose-classification/augmented_dataset/6/6_21_aug_0.png,6
/Users/y/Documents/dev/DD-pose-classification/augmented_dataset/6/6_21_aug_1.png,6
/Users/y/Documents/dev/DD-pose-classification/augmented_dataset/6/6_20_aug_0.png,6
/Users/y/Documents/dev/DD-pose-classification/augmented_dataset/6/6_20_aug_1.png,6
/Users/y/Documents/dev/DD-pose-classification/augmented_dataset/6/6_22_aug_0.png,6
/Users/y/Documents/dev/DD-pose-classification/augmented_dataset/6/6_22_aug_1.png,6
/Users/y/Documents/dev/DD-pose-classification/augmented_dataset/6/6_23_aug_0.png,6
/Users/y/Documents/dev/DD-pose-classification/augmented_dataset/6/6_23_aug_1.png,6
/Users/y/Documents/dev/DD-pose-classification/augmented_dataset/6/6_26_aug_0.png,6
/Users/y/Documents/dev/DD-pose-classification/augmented_dataset/6/6_26_aug_1.png,6
/Users/y/Documents/dev/DD-pose-classification/augmented_dataset/6/6_18_aug_0.png,6
/Users/y/Documents/dev/DD-pose-classification/augmented_dataset/6/6_18_aug_1.png,6
/Users/y/Documents/dev/DD-pose-classification/augmented_dataset/6/6_24_aug_0.png,6
/Users/y/Documents/dev/DD-pose-classification/augmented_dataset/6/6_24_aug_1.png,6
/Users/y/Documents/dev/DD-pose-classification/augmented_dataset/6/6_25_aug_0.png,6
/Users/y/Documents/dev/DD-pose-classification/augmented_dataset/6/6_25_aug_1.png,6
/Users/y/Documents/dev/DD-pose-classification/augmented_dataset/6/6_19_aug_0.png,6
/Users/y/Documents/dev/DD-pose-classification/augmented_dataset/6/6_19_aug_1.png,6
/Users/y/Documents/dev/DD-pose-classification/augmented_dataset/6/6_4_aug_0.png,6
/Users/y/Documents/dev/DD-pose-classification/augmented_dataset/6/6_4_aug_1.png,6
/Users/y/Documents/dev/DD-pose-classification/augmented_dataset/6/6_5_aug_0.png,6
/Users/y/Documents/dev/DD-pose-classification/augmented_dataset/6/6_5_aug_1.png,6
/Users/y/Documents/dev/DD-pose-classification/augmented_dataset/6/6_7_aug_0.png,6
/Users/y/Documents/dev/DD-pose-classification/augmented_dataset/6/6_7_aug_1.png,6
/Users/y/Documents/dev/DD-pose-classification/augmented_dataset/6/6_6_aug_0.png,6
/Users/y/Documents/dev/DD-pose-classification/augmented_dataset/6/6_6_aug_1.png,6
/Users/y/Documents/dev/DD-pose-classification/augmented_dataset/6/6_2_aug_0.png,6
/Users/y/Documents/dev/DD-pose-classification/augmented_dataset/6/6_2_aug_1.png,6
/Users/y/Documents/dev/DD-pose-classification/augmented_dataset/6/6_3_aug_0.png,6
/Users/y/Documents/dev/DD-pose-classification/augmented_dataset/6/6_3_aug_1.png,6
/Users/y/Documents/dev/DD-pose-classification/augmented_dataset/6/6_1_aug_0.png,6
/Users/y/Documents/dev/DD-pose-classification/augmented_dataset/6/6_1_aug_1.png,6
/Users/y/Documents/dev/DD-pose-classification/augmented_dataset/1/1_8_aug_0.png,1
/Users/y/Documents/dev/DD-pose-classification/augmented_dataset/1/1_8_aug_1.png,1
/Users/y/Documents/dev/DD-pose-classification/augmented_dataset/1/1_9_aug_0.png,1
/Users/y/Documents/dev/DD-pose-classification/augmented_dataset/1/1_9_aug_1.png,1
/Users/y/Documents/dev/DD-pose-classification/augmented_dataset/1/1_14_aug_0.png,1
/Users/y/Documents/dev/DD-pose-classification/augmented_dataset/1/1_14_aug_1.png,1
/Users/y/Documents/dev/DD-pose-classification/augmented_dataset/1/1_15_aug_0.png,1
/Users/y/Documents/dev/DD-pose-classification/augmented_dataset/1/1_15_aug_1.png,1
/Users/y/Documents/dev/DD-pose-classification/augmented_dataset/1/1_17_aug_0.png,1
/Users/y/Documents/dev/DD-pose-classification/augmented_dataset/1/1_17_aug_1.png,1
/Users/y/Documents/dev/DD-pose-classification/augmented_dataset/1/1_16_aug_0.png,1
/Users/y/Documents/dev/DD-pose-classification/augmented_dataset/1/1_16_aug_1.png,1
/Users/y/Documents/dev/DD-pose-classification/augmented_dataset/1/1_12_aug_0.png,1
/Users/y/Documents/dev/DD-pose-classification/augmented_dataset/1/1_12_aug_1.png,1
/Users/y/Documents/dev/DD-pose-classification/augmented_dataset/1/1_13_aug_0.png,1
/Users/y/Documents/dev/DD-pose-classification/augmented_dataset/1/1_13_aug_1.png,1
/Users/y/Documents/dev/DD-pose-classification/augmented_dataset/1/1_11_aug_0.png,1
/Users/y/Documents/dev/DD-pose-classification/augmented_dataset/1/1_11_aug_1.png,1
/Users/y/Documents/dev/DD-pose-classification/augmented_dataset/1/1_10_aug_0.png,1
/Users/y/Documents/dev/DD-pose-classification/augmented_dataset/1/1_10_aug_1.png,1
/Users/y/Documents/dev/DD-pose-classification/augmented_dataset/1/1_20_aug_0.png,1
/Users/y/Documents/dev/DD-pose-classification/augmented_dataset/1/1_20_aug_1.png,1
/Users/y/Documents/dev/DD-pose-classification/augmented_dataset/1/1_18_aug_0.png,1
/Users/y/Documents/dev/DD-pose-classification/augmented_dataset/1/1_18_aug_1.png,1
/Users/y/Documents/dev/DD-pose-classification/augmented_dataset/1/1_19_aug_0.png,1
/Users/y/Documents/dev/DD-pose-classification/augmented_dataset/1/1_19_aug_1.png,1
/Users/y/Documents/dev/DD-pose-classification/augmented_dataset/1/1_4_aug_0.png,1
/Users/y/Documents/dev/DD-pose-classification/augmented_dataset/1/1_4_aug_1.png,1
/Users/y/Documents/dev/DD-pose-classification/augmented_dataset/1/1_5_aug_0.png,1
/Users/y/Documents/dev/DD-pose-classification/augmented_dataset/1/1_5_aug_1.png,1
/Users/y/Documents/dev/DD-pose-classification/augmented_dataset/1/1_7_aug_0.png,1
/Users/y/Documents/dev/DD-pose-classification/augmented_dataset/1/1_7_aug_1.png,1
/Users/y/Documents/dev/DD-pose-classification/augmented_dataset/1/1_6_aug_0.png,1
/Users/y/Documents/dev/DD-pose-classification/augmented_dataset/1/1_6_aug_1.png,1
/Users/y/Documents/dev/DD-pose-classification/augmented_dataset/1/1_2_aug_0.png,1
/Users/y/Documents/dev/DD-pose-classification/augmented_dataset/1/1_2_aug_1.png,1
/Users/y/Documents/dev/DD-pose-classification/augmented_dataset/1/1_3_aug_0.png,1
/Users/y/Documents/dev/DD-pose-classification/augmented_dataset/1/1_3_aug_1.png,1
/Users/y/Documents/dev/DD-pose-classification/augmented_dataset/1/1_1_aug_0.png,1
/Users/y/Documents/dev/DD-pose-classification/augmented_dataset/1/1_1_aug_1.png,1
/Users/y/Documents/dev/DD-pose-classification/augmented_dataset/8/8_8_aug_0.png,8
/Users/y/Documents/dev/DD-pose-classification/augmented_dataset/8/8_8_aug_1.png,8
/Users/y/Documents/dev/DD-pose-classification/augmented_dataset/8/8_9_aug_0.png,8
/Users/y/Documents/dev/DD-pose-classification/augmented_dataset/8/8_9_aug_1.png,8
/Users/y/Documents/dev/DD-pose-classification/augmented_dataset/8/8_14_aug_0.png,8
/Users/y/Documents/dev/DD-pose-classification/augmented_dataset/8/8_14_aug_1.png,8
/Users/y/Documents/dev/DD-pose-classification/augmented_dataset/8/8_15_aug_0.png,8
/Users/y/Documents/dev/DD-pose-classification/augmented_dataset/8/8_15_aug_1.png,8
/Users/y/Documents/dev/DD-pose-classification/augmented_dataset/8/8_17_aug_0.png,8
/Users/y/Documents/dev/DD-pose-classification/augmented_dataset/8/8_17_aug_1.png,8
/Users/y/Documents/dev/DD-pose-classification/augmented_dataset/8/8_16_aug_0.png,8
/Users/y/Documents/dev/DD-pose-classification/augmented_dataset/8/8_16_aug_1.png,8
/Users/y/Documents/dev/DD-pose-classification/augmented_dataset/8/8_12_aug_0.png,8
/Users/y/Documents/dev/DD-pose-classification/augmented_dataset/8/8_12_aug_1.png,8
/Users/y/Documents/dev/DD-pose-classification/augmented_dataset/8/8_13_aug_0.png,8
/Users/y/Documents/dev/DD-pose-classification/augmented_dataset/8/8_13_aug_1.png,8
/Users/y/Documents/dev/DD-pose-classification/augmented_dataset/8/8_11_aug_0.png,8
/Users/y/Documents/dev/DD-pose-classification/augmented_dataset/8/8_11_aug_1.png,8
/Users/y/Documents/dev/DD-pose-classification/augmented_dataset/8/8_10_aug_0.png,8
/Users/y/Documents/dev/DD-pose-classification/augmented_dataset/8/8_10_aug_1.png,8
/Users/y/Documents/dev/DD-pose-classification/augmented_dataset/8/8_21_aug_0.png,8
/Users/y/Documents/dev/DD-pose-classification/augmented_dataset/8/8_21_aug_1.png,8
/Users/y/Documents/dev/DD-pose-classification/augmented_dataset/8/8_20_aug_0.png,8
/Users/y/Documents/dev/DD-pose-classification/augmented_dataset/8/8_20_aug_1.png,8
/Users/y/Documents/dev/DD-pose-classification/augmented_dataset/8/8_22_aug_0.png,8
/Users/y/Documents/dev/DD-pose-classification/augmented_dataset/8/8_22_aug_1.png,8
/Users/y/Documents/dev/DD-pose-classification/augmented_dataset/8/8_18_aug_0.png,8
/Users/y/Documents/dev/DD-pose-classification/augmented_dataset/8/8_18_aug_1.png,8
/Users/y/Documents/dev/DD-pose-classification/augmented_dataset/8/8_19_aug_0.png,8
/Users/y/Documents/dev/DD-pose-classification/augmented_dataset/8/8_19_aug_1.png,8
/Users/y/Documents/dev/DD-pose-classification/augmented_dataset/8/8_4_aug_0.png,8
/Users/y/Documents/dev/DD-pose-classification/augmented_dataset/8/8_4_aug_1.png,8
/Users/y/Documents/dev/DD-pose-classification/augmented_dataset/8/8_5_aug_0.png,8
/Users/y/Documents/dev/DD-pose-classification/augmented_dataset/8/8_5_aug_1.png,8
/Users/y/Documents/dev/DD-pose-classification/augmented_dataset/8/8_7_aug_0.png,8
/Users/y/Documents/dev/DD-pose-classification/augmented_dataset/8/8_7_aug_1.png,8
/Users/y/Documents/dev/DD-pose-classification/augmented_dataset/8/8_6_aug_0.png,8
/Users/y/Documents/dev/DD-pose-classification/augmented_dataset/8/8_6_aug_1.png,8
/Users/y/Documents/dev/DD-pose-classification/augmented_dataset/8/8_2_aug_0.png,8
/Users/y/Documents/dev/DD-pose-classification/augmented_dataset/8/8_2_aug_1.png,8
/Users/y/Documents/dev/DD-pose-classification/augmented_dataset/8/8_3_aug_0.png,8
/Users/y/Documents/dev/DD-pose-classification/augmented_dataset/8/8_3_aug_1.png,8
/Users/y/Documents/dev/DD-pose-classification/augmented_dataset/8/8_1_aug_0.png,8
/Users/y/Documents/dev/DD-pose-classification/augmented_dataset/8/8_1_aug_1.png,8
/Users/y/Documents/dev/DD-pose-classification/augmented_dataset/4/4_8_aug_0.png,4
/Users/y/Documents/dev/DD-pose-classification/augmented_dataset/4/4_8_aug_1.png,4
/Users/y/Documents/dev/DD-pose-classification/augmented_dataset/4/4_9_aug_0.png,4
/Users/y/Documents/dev/DD-pose-classification/augmented_dataset/4/4_9_aug_1.png,4
/Users/y/Documents/dev/DD-pose-classification/augmented_dataset/4/4_14_aug_0.png,4
/Users/y/Documents/dev/DD-pose-classification/augmented_dataset/4/4_14_aug_1.png,4
/Users/y/Documents/dev/DD-pose-classification/augmented_dataset/4/4_15_aug_0.png,4
/Users/y/Documents/dev/DD-pose-classification/augmented_dataset/4/4_15_aug_1.png,4
/Users/y/Documents/dev/DD-pose-classification/augmented_dataset/4/4_17_aug_0.png,4
/Users/y/Documents/dev/DD-pose-classification/augmented_dataset/4/4_17_aug_1.png,4
/Users/y/Documents/dev/DD-pose-classification/augmented_dataset/4/4_16_aug_0.png,4
/Users/y/Documents/dev/DD-pose-classification/augmented_dataset/4/4_16_aug_1.png,4
/Users/y/Documents/dev/DD-pose-classification/augmented_dataset/4/4_12_aug_0.png,4
/Users/y/Documents/dev/DD-pose-classification/augmented_dataset/4/4_12_aug_1.png,4
/Users/y/Documents/dev/DD-pose-classification/augmented_dataset/4/4_13_aug_0.png,4
/Users/y/Documents/dev/DD-pose-classification/augmented_dataset/4/4_13_aug_1.png,4
/Users/y/Documents/dev/DD-pose-classification/augmented_dataset/4/4_11_aug_0.png,4
/Users/y/Documents/dev/DD-pose-classification/augmented_dataset/4/4_11_aug_1.png,4
/Users/y/Documents/dev/DD-pose-classification/augmented_dataset/4/4_10_aug_0.png,4
/Users/y/Documents/dev/DD-pose-classification/augmented_dataset/4/4_10_aug_1.png,4
/Users/y/Documents/dev/DD-pose-classification/augmented_dataset/4/4_20_aug_0.png,4
/Users/y/Documents/dev/DD-pose-classification/augmented_dataset/4/4_20_aug_1.png,4
/Users/y/Documents/dev/DD-pose-classification/augmented_dataset/4/4_18_aug_0.png,4
/Users/y/Documents/dev/DD-pose-classification/augmented_dataset/4/4_18_aug_1.png,4
/Users/y/Documents/dev/DD-pose-classification/augmented_dataset/4/4_19_aug_0.png,4
/Users/y/Documents/dev/DD-pose-classification/augmented_dataset/4/4_19_aug_1.png,4
/Users/y/Documents/dev/DD-pose-classification/augmented_dataset/4/4_4_aug_0.png,4
/Users/y/Documents/dev/DD-pose-classification/augmented_dataset/4/4_4_aug_1.png,4
/Users/y/Documents/dev/DD-pose-classification/augmented_dataset/4/4_5_aug_0.png,4
/Users/y/Documents/dev/DD-pose-classification/augmented_dataset/4/4_5_aug_1.png,4
/Users/y/Documents/dev/DD-pose-classification/augmented_dataset/4/4_7_aug_0.png,4
/Users/y/Documents/dev/DD-pose-classification/augmented_dataset/4/4_7_aug_1.png,4
/Users/y/Documents/dev/DD-pose-classification/augmented_dataset/4/4_6_aug_0.png,4
/Users/y/Documents/dev/DD-pose-classification/augmented_dataset/4/4_6_aug_1.png,4
/Users/y/Documents/dev/DD-pose-classification/augmented_dataset/4/4_2_aug_0.png,4
/Users/y/Documents/dev/DD-pose-classification/augmented_dataset/4/4_2_aug_1.png,4
/Users/y/Documents/dev/DD-pose-classification/augmented_dataset/4/4_3_aug_0.png,4
/Users/y/Documents/dev/DD-pose-classification/augmented_dataset/4/4_3_aug_1.png,4
/Users/y/Documents/dev/DD-pose-classification/augmented_dataset/4/4_1_aug_0.png,4
/Users/y/Documents/dev/DD-pose-classification/augmented_dataset/4/4_1_aug_1.png,4
/Users/y/Documents/dev/DD-pose-classification/augmented_dataset/3/3_8_aug_0.png,3
/Users/y/Documents/dev/DD-pose-classification/augmented_dataset/3/3_8_aug_1.png,3
/Users/y/Documents/dev/DD-pose-classification/augmented_dataset/3/3_9_aug_0.png,3
/Users/y/Documents/dev/DD-pose-classification/augmented_dataset/3/3_9_aug_1.png,3
/Users/y/Documents/dev/DD-pose-classification/augmented_dataset/3/3_14_aug_0.png,3
/Users/y/Documents/dev/DD-pose-classification/augmented_dataset/3/3_14_aug_1.png,3
/Users/y/Documents/dev/DD-pose-classification/augmented_dataset/3/3_15_aug_0.png,3
/Users/y/Documents/dev/DD-pose-classification/augmented_dataset/3/3_15_aug_1.png,3
/Users/y/Documents/dev/DD-pose-classification/augmented_dataset/3/3_17_aug_0.png,3
/Users/y/Documents/dev/DD-pose-classification/augmented_dataset/3/3_17_aug_1.png,3
/Users/y/Documents/dev/DD-pose-classification/augmented_dataset/3/3_16_aug_0.png,3
/Users/y/Documents/dev/DD-pose-classification/augmented_dataset/3/3_16_aug_1.png,3
/Users/y/Documents/dev/DD-pose-classification/augmented_dataset/3/3_12_aug_0.png,3
/Users/y/Documents/dev/DD-pose-classification/augmented_dataset/3/3_12_aug_1.png,3
/Users/y/Documents/dev/DD-pose-classification/augmented_dataset/3/3_13_aug_0.png,3
/Users/y/Documents/dev/DD-pose-classification/augmented_dataset/3/3_13_aug_1.png,3
/Users/y/Documents/dev/DD-pose-classification/augmented_dataset/3/3_11_aug_0.png,3
/Users/y/Documents/dev/DD-pose-classification/augmented_dataset/3/3_11_aug_1.png,3
/Users/y/Documents/dev/DD-pose-classification/augmented_dataset/3/3_10_aug_0.png,3
/Users/y/Documents/dev/DD-pose-classification/augmented_dataset/3/3_10_aug_1.png,3
/Users/y/Documents/dev/DD-pose-classification/augmented_dataset/3/3_21_aug_0.png,3
/Users/y/Documents/dev/DD-pose-classification/augmented_dataset/3/3_21_aug_1.png,3
/Users/y/Documents/dev/DD-pose-classification/augmented_dataset/3/3_20_aug_0.png,3
/Users/y/Documents/dev/DD-pose-classification/augmented_dataset/3/3_20_aug_1.png,3
/Users/y/Documents/dev/DD-pose-classification/augmented_dataset/3/3_22_aug_0.png,3
/Users/y/Documents/dev/DD-pose-classification/augmented_dataset/3/3_22_aug_1.png,3
/Users/y/Documents/dev/DD-pose-classification/augmented_dataset/3/3_23_aug_0.png,3
/Users/y/Documents/dev/DD-pose-classification/augmented_dataset/3/3_23_aug_1.png,3
/Users/y/Documents/dev/DD-pose-classification/augmented_dataset/3/3_18_aug_0.png,3
/Users/y/Documents/dev/DD-pose-classification/augmented_dataset/3/3_18_aug_1.png,3
/Users/y/Documents/dev/DD-pose-classification/augmented_dataset/3/3_19_aug_0.png,3
/Users/y/Documents/dev/DD-pose-classification/augmented_dataset/3/3_19_aug_1.png,3
/Users/y/Documents/dev/DD-pose-classification/augmented_dataset/3/3_4_aug_0.png,3
/Users/y/Documents/dev/DD-pose-classification/augmented_dataset/3/3_4_aug_1.png,3
/Users/y/Documents/dev/DD-pose-classification/augmented_dataset/3/3_5_aug_0.png,3
/Users/y/Documents/dev/DD-pose-classification/augmented_dataset/3/3_5_aug_1.png,3
/Users/y/Documents/dev/DD-pose-classification/augmented_dataset/3/3_7_aug_0.png,3
/Users/y/Documents/dev/DD-pose-classification/augmented_dataset/3/3_7_aug_1.png,3
/Users/y/Documents/dev/DD-pose-classification/augmented_dataset/3/3_6_aug_0.png,3
/Users/y/Documents/dev/DD-pose-classification/augmented_dataset/3/3_6_aug_1.png,3
/Users/y/Documents/dev/DD-pose-classification/augmented_dataset/3/3_2_aug_0.png,3
/Users/y/Documents/dev/DD-pose-classification/augmented_dataset/3/3_2_aug_1.png,3
/Users/y/Documents/dev/DD-pose-classification/augmented_dataset/3/3_3_aug_0.png,3
/Users/y/Documents/dev/DD-pose-classification/augmented_dataset/3/3_3_aug_1.png,3
/Users/y/Documents/dev/DD-pose-classification/augmented_dataset/3/3_1_aug_0.png,3
/Users/y/Documents/dev/DD-pose-classification/augmented_dataset/3/3_1_aug_1.png,3
/Users/y/Documents/dev/DD-pose-classification/augmented_dataset/2/2_8_aug_0.png,2
/Users/y/Documents/dev/DD-pose-classification/augmented_dataset/2/2_8_aug_1.png,2
/Users/y/Documents/dev/DD-pose-classification/augmented_dataset/2/2_9_aug_0.png,2
/Users/y/Documents/dev/DD-pose-classification/augmented_dataset/2/2_9_aug_1.png,2
/Users/y/Documents/dev/DD-pose-classification/augmented_dataset/2/2_14_aug_0.png,2
/Users/y/Documents/dev/DD-pose-classification/augmented_dataset/2/2_14_aug_1.png,2
/Users/y/Documents/dev/DD-pose-classification/augmented_dataset/2/2_15_aug_0.png,2
/Users/y/Documents/dev/DD-pose-classification/augmented_dataset/2/2_15_aug_1.png,2
/Users/y/Documents/dev/DD-pose-classification/augmented_dataset/2/2_17_aug_0.png,2
/Users/y/Documents/dev/DD-pose-classification/augmented_dataset/2/2_17_aug_1.png,2
/Users/y/Documents/dev/DD-pose-classification/augmented_dataset/2/2_16_aug_0.png,2
/Users/y/Documents/dev/DD-pose-classification/augmented_dataset/2/2_16_aug_1.png,2
/Users/y/Documents/dev/DD-pose-classification/augmented_dataset/2/2_12_aug_0.png,2
/Users/y/Documents/dev/DD-pose-classification/augmented_dataset/2/2_12_aug_1.png,2
/Users/y/Documents/dev/DD-pose-classification/augmented_dataset/2/2_13_aug_0.png,2
/Users/y/Documents/dev/DD-pose-classification/augmented_dataset/2/2_13_aug_1.png,2
/Users/y/Documents/dev/DD-pose-classification/augmented_dataset/2/2_11_aug_0.png,2
/Users/y/Documents/dev/DD-pose-classification/augmented_dataset/2/2_11_aug_1.png,2
/Users/y/Documents/dev/DD-pose-classification/augmented_dataset/2/2_10_aug_0.png,2
/Users/y/Documents/dev/DD-pose-classification/augmented_dataset/2/2_10_aug_1.png,2
/Users/y/Documents/dev/DD-pose-classification/augmented_dataset/2/2_20_aug_0.png,2
/Users/y/Documents/dev/DD-pose-classification/augmented_dataset/2/2_20_aug_1.png,2
/Users/y/Documents/dev/DD-pose-classification/augmented_dataset/2/2_18_aug_0.png,2
/Users/y/Documents/dev/DD-pose-classification/augmented_dataset/2/2_18_aug_1.png,2
/Users/y/Documents/dev/DD-pose-classification/augmented_dataset/2/2_19_aug_0.png,2
/Users/y/Documents/dev/DD-pose-classification/augmented_dataset/2/2_19_aug_1.png,2
/Users/y/Documents/dev/DD-pose-classification/augmented_dataset/2/2_4_aug_0.png,2
/Users/y/Documents/dev/DD-pose-classification/augmented_dataset/2/2_4_aug_1.png,2
/Users/y/Documents/dev/DD-pose-classification/augmented_dataset/2/2_5_aug_0.png,2
/Users/y/Documents/dev/DD-pose-classification/augmented_dataset/2/2_5_aug_1.png,2
/Users/y/Documents/dev/DD-pose-classification/augmented_dataset/2/2_7_aug_0.png,2
/Users/y/Documents/dev/DD-pose-classification/augmented_dataset/2/2_7_aug_1.png,2
/Users/y/Documents/dev/DD-pose-classification/augmented_dataset/2/2_6_aug_0.png,2
/Users/y/Documents/dev/DD-pose-classification/augmented_dataset/2/2_6_aug_1.png,2
/Users/y/Documents/dev/DD-pose-classification/augmented_dataset/2/2_2_aug_0.png,2
/Users/y/Documents/dev/DD-pose-classification/augmented_dataset/2/2_2_aug_1.png,2
/Users/y/Documents/dev/DD-pose-classification/augmented_dataset/2/2_3_aug_0.png,2
/Users/y/Documents/dev/DD-pose-classification/augmented_dataset/2/2_3_aug_1.png,2
/Users/y/Documents/dev/DD-pose-classification/augmented_dataset/2/2_1_aug_0.png,2
/Users/y/Documents/dev/DD-pose-classification/augmented_dataset/2/2_1_aug_1.png,2
/Users/y/Documents/dev/DD-pose-classification/augmented_dataset/5/5_8_aug_0.png,5
/Users/y/Documents/dev/DD-pose-classification/augmented_dataset/5/5_8_aug_1.png,5
/Users/y/Documents/dev/DD-pose-classification/augmented_dataset/5/5_9_aug_0.png,5
/Users/y/Documents/dev/DD-pose-classification/augmented_dataset/5/5_9_aug_1.png,5
/Users/y/Documents/dev/DD-pose-classification/augmented_dataset/5/5_14_aug_0.png,5
/Users/y/Documents/dev/DD-pose-classification/augmented_dataset/5/5_14_aug_1.png,5
/Users/y/Documents/dev/DD-pose-classification/augmented_dataset/5/5_15_aug_0.png,5
/Users/y/Documents/dev/DD-pose-classification/augmented_dataset/5/5_15_aug_1.png,5
/Users/y/Documents/dev/DD-pose-classification/augmented_dataset/5/5_17_aug_0.png,5
/Users/y/Documents/dev/DD-pose-classification/augmented_dataset/5/5_17_aug_1.png,5
/Users/y/Documents/dev/DD-pose-classification/augmented_dataset/5/5_16_aug_0.png,5
/Users/y/Documents/dev/DD-pose-classification/augmented_dataset/5/5_16_aug_1.png,5
/Users/y/Documents/dev/DD-pose-classification/augmented_dataset/5/5_12_aug_0.png,5
/Users/y/Documents/dev/DD-pose-classification/augmented_dataset/5/5_12_aug_1.png,5
/Users/y/Documents/dev/DD-pose-classification/augmented_dataset/5/5_13_aug_0.png,5
/Users/y/Documents/dev/DD-pose-classification/augmented_dataset/5/5_13_aug_1.png,5
/Users/y/Documents/dev/DD-pose-classification/augmented_dataset/5/5_11_aug_0.png,5
/Users/y/Documents/dev/DD-pose-classification/augmented_dataset/5/5_11_aug_1.png,5
/Users/y/Documents/dev/DD-pose-classification/augmented_dataset/5/5_10_aug_0.png,5
/Users/y/Documents/dev/DD-pose-classification/augmented_dataset/5/5_10_aug_1.png,5
/Users/y/Documents/dev/DD-pose-classification/augmented_dataset/5/5_18_aug_0.png,5
/Users/y/Documents/dev/DD-pose-classification/augmented_dataset/5/5_18_aug_1.png,5
/Users/y/Documents/dev/DD-pose-classification/augmented_dataset/5/5_19_aug_0.png,5
/Users/y/Documents/dev/DD-pose-classification/augmented_dataset/5/5_19_aug_1.png,5
/Users/y/Documents/dev/DD-pose-classification/augmented_dataset/5/5_4_aug_0.png,5
/Users/y/Documents/dev/DD-pose-classification/augmented_dataset/5/5_4_aug_1.png,5
/Users/y/Documents/dev/DD-pose-classification/augmented_dataset/5/5_5_aug_0.png,5
/Users/y/Documents/dev/DD-pose-classification/augmented_dataset/5/5_5_aug_1.png,5
/Users/y/Documents/dev/DD-pose-classification/augmented_dataset/5/5_7_aug_0.png,5
/Users/y/Documents/dev/DD-pose-classification/augmented_dataset/5/5_7_aug_1.png,5
/Users/y/Documents/dev/DD-pose-classification/augmented_dataset/5/5_6_aug_0.png,5
/Users/y/Documents/dev/DD-pose-classification/augmented_dataset/5/5_6_aug_1.png,5
/Users/y/Documents/dev/DD-pose-classification/augmented_dataset/5/5_2_aug_0.png,5
/Users/y/Documents/dev/DD-pose-classification/augmented_dataset/5/5_2_aug_1.png,5
/Users/y/Documents/dev/DD-pose-classification/augmented_dataset/5/5_3_aug_0.png,5
/Users/y/Documents/dev/DD-pose-classification/augmented_dataset/5/5_3_aug_1.png,5
/Users/y/Documents/dev/DD-pose-classification/augmented_dataset/5/5_1_aug_0.png,5
/Users/y/Documents/dev/DD-pose-classification/augmented_dataset/5/5_1_aug_1.png,5
